"","Species","Indicator_Value_C","Indicator_Value_BH","Indicator_Value_BM","Indicator_Value_LH","Indicator_Value_LM","Indicator_Value_W","Max_Class","Indicator_Class","P_Value","Rank"
"Andropogon virginicus","Andropogon virginicus",0.026840490797546,0.316717791411043,0.370398773006135,0,0,0,2,0.370398773006135,0.007,1
"Cynodon dactylon","Cynodon dactylon",0.3049985879695,0.184975995481502,0.189212086981079,0.0511508048573849,0.0655182151934482,0.196837051680316,6,0.3049985879695,0.002,1.5
"Eragrostis spectabilis","Eragrostis spectabilis",0,7.55287009063444e-05,0,0.641691842900302,0.357703927492447,0,3,0.641691842900302,0.001,1
"Paspalum notatum","Paspalum notatum",0.533168599125642,0.060706139517202,0.109199771906482,0.00760311727808401,0.0684280555027561,0.147191598555408,6,0.533168599125642,0.002,1.5
"Pityopsis trayci","Pityopsis trayci",0,0.182571340902117,0.149547407180117,0.191469776004909,0.277692543725069,0.132364222154035,4,0.277692543725069,0.022,1
